AGE,female_1,P,Q,VS,Obesity,DRD2,IGT_score_type,IGT_scores,LABID,DRD2_cat,DRD2_ORG,DRD2_CODED,GEN_RACE
49.0,1,-4.0,12.0,-0.0999765,1.283069,0,P,-4.0,30390.0,Non-Carrier,II,1.0,1
35.0,1,44.0,62.0,0.33408499999999997,-1.10277,0,P,44.0,30407.0,Non-Carrier,II,1.0,1
45.0,1,18.0,36.0,0.5329050000000001,0.6192505,1,P,18.0,30435.0,-141C II or ID Carrier,ID,2.0,2
30.0,1,52.0,10.0,0.164745,-0.4339925,0,P,52.0,30437.0,Non-Carrier,II,1.0,1
33.0,1,-22.0,50.0,-0.0310812,-1.746404,0,P,-22.0,30465.0,Non-Carrier,II,1.0,1
40.0,1,12.0,30.0,0.30969,-1.18749,0,P,12.0,30487.0,Non-Carrier,II,1.0,1
35.0,1,54.0,48.0,-0.022202,0.0515707,0,P,54.0,30634.0,Non-Carrier,II,1.0,1
40.0,0,6.0,38.0,0.026168,-0.3763675,0,P,6.0,30711.0,Non-Carrier,II,1.0,1
38.0,1,4.0,40.0,-0.0780695,1.256917,1,P,4.0,30961.0,-141C II or ID Carrier,ID,2.0,1
31.0,0,-14.0,12.0,0.114475,-0.1888894,0,P,-14.0,30966.0,Non-Carrier,II,1.0,1
43.0,1,-20.0,68.0,0.201285,-0.7114646,1,P,-20.0,31002.0,-141C II or ID Carrier,ID,2.0,1
54.0,1,40.0,12.0,-0.03124025,0.8081276999999999,0,P,40.0,31014.0,Non-Carrier,II,1.0,1
38.0,0,14.0,38.0,0.4037,0.526072,0,P,14.0,31022.0,Non-Carrier,II,1.0,1
40.0,1,52.0,52.0,0.1037983,-0.901731,0,P,52.0,31209.0,Non-Carrier,II,1.0,1
51.0,0,44.0,62.0,0.43823500000000004,-0.04695055,0,P,44.0,31298.0,Non-Carrier,II,1.0,1
31.0,0,52.0,44.0,-0.0186575,-0.6043850000000001,0,P,52.0,31326.0,Non-Carrier,II,1.0,1
54.0,0,-32.0,-20.0,0.21285500000000002,2.365164,1,P,-32.0,31390.0,-141C II or ID Carrier,ID,2.0,2
39.0,1,-18.0,54.0,0.022607,-0.003173428,1,P,-18.0,31592.0,-141C II or ID Carrier,DD,3.0,2
45.0,1,-14.0,64.0,-0.06898969999999999,1.0589819999999999,0,P,-14.0,31640.0,Non-Carrier,II,1.0,1
53.0,1,42.0,38.0,0.294155,-1.051358,0,P,42.0,31663.0,Non-Carrier,II,1.0,2
48.0,1,54.0,48.0,0.23305,0.2833313,1,P,54.0,31668.0,-141C II or ID Carrier,ID,2.0,2
30.0,0,-32.0,12.0,0.22751500000000002,-0.30457,0,P,-32.0,31684.0,Non-Carrier,II,1.0,1
50.0,0,14.0,46.0,0.19575,1.480058,0,P,14.0,31736.0,Non-Carrier,II,1.0,1
31.0,1,-46.0,52.0,-0.0452575,0.1340141,0,P,-46.0,31754.0,Non-Carrier,II,1.0,2
35.0,0,20.0,12.0,0.0016514,-0.7089659,1,P,20.0,31881.0,-141C II or ID Carrier,ID,2.0,1
37.0,1,2.0,30.0,0.0556495,2.4592509999999996,0,P,2.0,32047.0,Non-Carrier,II,1.0,1
36.0,1,22.0,8.0,0.23233499999999999,0.3009437,0,P,22.0,32073.0,Non-Carrier,II,1.0,1
51.0,1,38.0,46.0,0.03405275,0.10687260000000001,0,P,38.0,32080.0,Non-Carrier,II,1.0,1
44.0,1,26.0,36.0,-0.022459,-0.9413524999999999,1,P,26.0,32092.0,-141C II or ID Carrier,DD,3.0,2
51.0,1,10.0,30.0,0.0834785,0.8429655,0,P,10.0,32101.0,Non-Carrier,II,1.0,1
37.0,1,8.0,64.0,0.14689000000000002,-0.184395,0,P,8.0,32234.0,Non-Carrier,II,1.0,1
52.0,1,-6.0,6.0,0.011432,1.667616,0,P,-6.0,32259.0,Non-Carrier,II,1.0,2
44.0,1,6.0,10.0,-0.031045599999999996,2.02048,0,P,6.0,32271.0,Non-Carrier,II,1.0,1
50.0,1,40.0,58.0,0.08353300000000001,1.9394779999999998,1,P,40.0,32282.0,-141C II or ID Carrier,DD,3.0,2
30.0,0,2.0,26.0,0.034834,-0.2398742,0,P,2.0,32366.0,Non-Carrier,II,1.0,1
51.0,1,4.0,62.0,0.13796,0.2497186,0,P,4.0,32381.0,Non-Carrier,II,1.0,1
32.0,1,40.0,-20.0,0.029602499999999997,-0.14185699999999998,0,P,40.0,32473.0,Non-Carrier,II,1.0,1
40.0,0,80.0,20.0,0.34084000000000003,0.1968731,0,P,80.0,32704.0,Non-Carrier,II,1.0,1
42.0,1,20.0,38.0,0.0310296,-0.33225129999999997,0,P,20.0,32719.0,Non-Carrier,II,1.0,1
37.0,0,14.0,62.0,0.244475,-1.29887,0,P,14.0,32780.0,Non-Carrier,II,1.0,1
47.0,1,16.0,18.0,0.50879,0.009803488,0,P,16.0,32781.0,Non-Carrier,II,1.0,1
32.0,0,68.0,38.0,0.1153145,-0.9360215000000001,1,P,68.0,32794.0,-141C II or ID Carrier,ID,2.0,1
47.0,1,-24.0,32.0,0.213575,1.513563,0,P,-24.0,32802.0,Non-Carrier,II,1.0,1
49.0,1,-16.0,34.0,-0.164965,-1.583287,0,P,-16.0,32905.0,Non-Carrier,II,1.0,1
34.0,1,12.0,34.0,0.19980499999999998,-0.5576024,1,P,12.0,32950.0,-141C II or ID Carrier,ID,2.0,2
53.0,0,30.0,32.0,0.302435,0.5393935999999999,0,P,30.0,32996.0,Non-Carrier,II,1.0,1
53.0,1,-16.0,2.0,-0.21628000000000003,2.4754,1,P,-16.0,33004.0,-141C II or ID Carrier,ID,2.0,2
51.0,0,12.0,50.0,0.09951900000000001,0.03823565,0,P,12.0,33014.0,Non-Carrier,II,1.0,1
43.0,1,-38.0,56.0,-0.20192000000000002,-1.7481669999999998,0,P,-38.0,33016.0,Non-Carrier,II,1.0,1
49.0,1,34.0,72.0,0.070136,-0.9094701,0,P,34.0,33031.0,Non-Carrier,II,1.0,1
44.0,0,70.0,32.0,0.1169545,1.423924,0,P,70.0,33047.0,Non-Carrier,II,1.0,1
54.0,0,36.0,68.0,0.11185350000000001,-0.38380380000000003,0,P,36.0,33054.0,Non-Carrier,II,1.0,1
49.0,0,0.0,34.0,0.0248634,-1.610683,0,P,0.0,33071.0,Non-Carrier,II,1.0,1
35.0,0,-16.0,12.0,0.15353499999999998,2.656014,1,P,-16.0,33202.0,-141C II or ID Carrier,DD,3.0,2
44.0,0,-6.0,18.0,0.21636,0.3286675,0,P,-6.0,33218.0,Non-Carrier,II,1.0,1
32.0,0,34.0,28.0,0.30079,-0.8304200999999999,0,P,34.0,33317.0,Non-Carrier,II,1.0,1
33.0,0,-16.0,36.0,0.45281000000000005,-0.7848255000000001,0,P,-16.0,33344.0,Non-Carrier,II,1.0,1
49.0,1,-42.0,40.0,0.134035,-1.414618,1,P,-42.0,33405.0,-141C II or ID Carrier,ID,2.0,2
40.0,1,44.0,46.0,0.137485,-2.053811,0,P,44.0,33442.0,Non-Carrier,II,1.0,1
50.0,1,58.0,48.0,0.07711749999999999,0.5252055999999999,0,P,58.0,33477.0,Non-Carrier,II,1.0,1
46.0,0,-14.0,28.0,0.49941499999999994,0.6200078,1,P,-14.0,33530.0,-141C II or ID Carrier,ID,2.0,6
33.0,0,8.0,44.0,0.00118,-0.04172633,1,P,8.0,33553.0,-141C II or ID Carrier,ID,2.0,1
32.0,0,38.0,48.0,0.18024,,0,P,38.0,33597.0,Non-Carrier,II,1.0,1
42.0,1,-22.0,36.0,0.14924500000000002,1.068475,0,P,-22.0,33614.0,Non-Carrier,II,1.0,1
53.0,0,-12.0,-4.0,0.1348655,2.210987,0,P,-12.0,33664.0,Non-Carrier,II,1.0,1
33.0,1,-92.0,18.0,-0.0410995,-0.7895359000000001,0,P,-92.0,33705.0,Non-Carrier,II,1.0,1
53.0,0,40.0,64.0,0.0823965,0.5291781999999999,1,P,40.0,33760.0,-141C II or ID Carrier,ID,2.0,1
34.0,1,42.0,54.0,0.124173,-1.498544,0,P,42.0,33881.0,Non-Carrier,II,1.0,1
54.0,1,36.0,44.0,0.17862999999999998,1.492381,0,P,36.0,33930.0,Non-Carrier,II,1.0,1
38.0,0,12.0,38.0,-0.042476,-0.13745339999999998,0,P,12.0,34024.0,Non-Carrier,II,1.0,1
33.0,0,14.0,38.0,-0.0279435,1.688205,1,P,14.0,34394.0,-141C II or ID Carrier,ID,2.0,1
40.0,0,8.0,50.0,-0.2016425,0.9518651,0,P,8.0,34494.0,Non-Carrier,II,1.0,1
34.0,1,38.0,62.0,-0.147001,1.112945,0,P,38.0,34506.0,Non-Carrier,II,1.0,1
49.0,0,14.0,20.0,0.316515,0.493879,0,P,14.0,34524.0,Non-Carrier,II,1.0,1
30.0,1,30.0,22.0,0.120555,-1.0181440000000002,0,P,30.0,34570.0,Non-Carrier,II,1.0,1
51.0,1,2.0,54.0,0.20489000000000002,0.4140389,1,P,2.0,34754.0,-141C II or ID Carrier,ID,2.0,1
33.0,1,-12.0,30.0,-0.12339000000000001,0.29304309999999995,1,P,-12.0,34874.0,-141C II or ID Carrier,ID,2.0,1
44.0,1,6.0,16.0,0.1498,-0.9921188,1,P,6.0,34987.0,-141C II or ID Carrier,ID,2.0,1
34.0,0,-16.0,18.0,0.0373305,0.9459801,0,P,-16.0,35026.0,Non-Carrier,II,1.0,1
41.0,1,-32.0,46.0,-0.0015105000000000001,-0.6819400999999999,0,P,-32.0,35045.0,Non-Carrier,II,1.0,1
53.0,0,52.0,6.0,0.059208000000000004,-0.04825517,0,P,52.0,35072.0,Non-Carrier,II,1.0,1
48.0,0,62.0,48.0,0.37338000000000005,-1.783198,0,P,62.0,35106.0,Non-Carrier,II,1.0,1
41.0,1,-48.0,48.0,-0.028801999999999998,0.16976960000000002,0,P,-48.0,35115.0,Non-Carrier,II,1.0,1
44.0,0,-10.0,34.0,0.012551999999999999,-0.4692191,0,P,-10.0,35357.0,Non-Carrier,II,1.0,1
53.0,1,-12.0,26.0,0.45119499999999996,2.502965,0,P,-12.0,35419.0,Non-Carrier,II,1.0,1
48.0,0,-4.0,22.0,0.38064000000000003,0.19830620000000002,0,P,-4.0,35463.0,Non-Carrier,II,1.0,1
50.0,1,20.0,22.0,0.20269,1.8595380000000001,0,P,20.0,35726.0,Non-Carrier,II,1.0,2
52.0,1,54.0,42.0,-0.070762,-0.9986234,0,P,54.0,35822.0,Non-Carrier,II,1.0,1
30.0,1,6.0,-18.0,0.200275,2.16341,0,P,6.0,35829.0,Non-Carrier,II,1.0,1
51.0,1,0.0,26.0,-0.057074,1.47939,1,P,0.0,35851.0,-141C II or ID Carrier,ID,2.0,2
32.0,1,20.0,8.0,0.28755,0.9751791999999999,0,P,20.0,35864.0,Non-Carrier,II,1.0,1
48.0,1,-12.0,40.0,0.22011999999999998,0.7771623000000001,1,P,-12.0,36026.0,-141C II or ID Carrier,ID,2.0,1
36.0,1,46.0,54.0,0.030906,-0.9170393,0,P,46.0,36192.0,Non-Carrier,II,1.0,1
30.0,1,-24.0,30.0,0.17969000000000002,-2.095327,1,P,-24.0,36228.0,-141C II or ID Carrier,ID,2.0,1
30.0,1,54.0,48.0,0.18168499999999999,0.44350159999999994,1,P,54.0,36240.0,-141C II or ID Carrier,ID,2.0,1
46.0,0,2.0,10.0,0.0870815,0.14499589999999998,0,P,2.0,36241.0,Non-Carrier,II,1.0,1
44.0,0,34.0,18.0,0.0113791,-0.8044311,0,P,34.0,36354.0,Non-Carrier,II,1.0,1
49.0,0,62.0,-24.0,0.145745,0.01717761,0,P,62.0,36425.0,Non-Carrier,II,1.0,1
31.0,0,6.0,22.0,-0.16880499999999998,-0.8965334,1,P,6.0,36514.0,-141C II or ID Carrier,ID,2.0,1
30.0,1,-12.0,72.0,0.089157,-0.5918291,1,P,-12.0,36524.0,-141C II or ID Carrier,ID,2.0,1
53.0,0,20.0,8.0,0.0374925,0.8386020000000001,1,P,20.0,36549.0,-141C II or ID Carrier,ID,2.0,1
50.0,1,-16.0,76.0,0.12437000000000001,-0.5006604,1,P,-16.0,36729.0,-141C II or ID Carrier,ID,2.0,1
39.0,0,52.0,40.0,0.109423,-0.9399255,0,P,52.0,36746.0,Non-Carrier,II,1.0,1
50.0,1,-34.0,14.0,0.14299,-0.5063973,0,P,-34.0,36761.0,Non-Carrier,II,1.0,1
37.0,1,46.0,54.0,0.033986,-0.2960099,0,P,46.0,36767.0,Non-Carrier,II,1.0,1
47.0,0,0.0,48.0,0.18672,0.7617223000000001,1,P,0.0,36787.0,-141C II or ID Carrier,ID,2.0,2
37.0,0,2.0,0.0,0.25253000000000003,0.8918746,1,P,2.0,36789.0,-141C II or ID Carrier,ID,2.0,1
32.0,1,54.0,-36.0,0.12709,-1.199805,0,P,54.0,36893.0,Non-Carrier,II,1.0,1
31.0,0,40.0,22.0,0.169995,-0.2915344,0,P,40.0,36900.0,Non-Carrier,II,1.0,1
46.0,0,-42.0,4.0,-0.0736777,-0.10367509999999999,1,P,-42.0,36924.0,-141C II or ID Carrier,ID,2.0,2
32.0,0,60.0,-2.0,0.1772,-0.1720951,0,P,60.0,36998.0,Non-Carrier,II,1.0,1
47.0,0,-6.0,8.0,0.05835930000000001,1.6159700000000001,0,P,-6.0,37068.0,Non-Carrier,II,1.0,1
45.0,0,-2.0,50.0,0.12971549999999998,0.10528989999999999,0,P,-2.0,37130.0,Non-Carrier,II,1.0,1
51.0,1,40.0,44.0,-0.210695,0.9543417,0,P,40.0,37247.0,Non-Carrier,II,1.0,1
41.0,0,36.0,-8.0,0.0795355,0.7916423,0,P,36.0,37406.0,Non-Carrier,II,1.0,1
46.0,1,12.0,68.0,0.52977,-0.9748962999999999,0,P,12.0,37519.0,Non-Carrier,II,1.0,1
49.0,0,-18.0,28.0,0.21893,0.38440019999999997,0,P,-18.0,37721.0,Non-Carrier,II,1.0,1
33.0,0,48.0,-32.0,-0.206905,,1,P,48.0,37795.0,-141C II or ID Carrier,ID,2.0,1
41.0,1,34.0,56.0,-0.1161805,0.5068925999999999,1,P,34.0,37800.0,-141C II or ID Carrier,ID,2.0,1
34.0,0,26.0,60.0,0.290835,-0.41896990000000006,0,P,26.0,37972.0,Non-Carrier,II,1.0,1
39.0,1,2.0,56.0,0.037192,0.6209241999999999,1,P,2.0,38005.0,-141C II or ID Carrier,DD,3.0,2
44.0,1,54.0,56.0,0.34852,-0.33133809999999997,0,P,54.0,38010.0,Non-Carrier,II,1.0,1
43.0,1,42.0,60.0,0.241175,0.3411588,0,P,42.0,38049.0,Non-Carrier,II,1.0,1
38.0,0,6.0,8.0,0.097268,1.310629,1,P,6.0,38058.0,-141C II or ID Carrier,DD,3.0,2
38.0,0,40.0,56.0,-0.092499,-1.5965040000000001,0,P,40.0,38062.0,Non-Carrier,II,1.0,1
40.0,1,-6.0,8.0,0.450675,2.721058,1,P,-6.0,38081.0,-141C II or ID Carrier,DD,3.0,2
51.0,0,38.0,60.0,0.15187,-0.43740470000000004,0,P,38.0,38192.0,Non-Carrier,II,1.0,1
42.0,0,34.0,42.0,0.44681000000000004,-0.09106565,0,P,34.0,38222.0,Non-Carrier,II,1.0,1
32.0,0,-12.0,24.0,0.29894,-0.14059460000000001,0,P,-12.0,38401.0,Non-Carrier,II,1.0,1
45.0,0,16.0,46.0,-0.30559000000000003,-0.1628727,0,P,16.0,38424.0,Non-Carrier,II,1.0,1
31.0,1,72.0,38.0,0.11509000000000001,0.6674758000000001,0,P,72.0,38485.0,Non-Carrier,II,1.0,1
33.0,0,10.0,10.0,-0.0645765,-0.552081,0,P,10.0,38540.0,Non-Carrier,II,1.0,1
33.0,1,-24.0,46.0,0.097314,0.0029074870000000003,0,P,-24.0,38677.0,Non-Carrier,II,1.0,2
47.0,1,26.0,52.0,0.1078155,0.33251149999999996,0,P,26.0,38687.0,Non-Carrier,II,1.0,1
43.0,0,58.0,48.0,0.17117000000000002,-0.30757729999999994,1,P,58.0,38694.0,-141C II or ID Carrier,ID,2.0,1
54.0,0,40.0,44.0,0.0741335,0.8823644,0,P,40.0,38720.0,Non-Carrier,II,1.0,1
33.0,0,20.0,-14.0,0.104575,-0.6707115,0,P,20.0,38791.0,Non-Carrier,II,1.0,1
42.0,0,38.0,-4.0,0.18585,-0.6597582,0,P,38.0,38802.0,Non-Carrier,II,1.0,1
30.0,0,50.0,-28.0,0.14656,-0.16021229999999997,0,P,50.0,38888.0,Non-Carrier,II,1.0,1
41.0,1,-18.0,46.0,0.11657999999999999,-0.8923572,0,P,-18.0,38939.0,Non-Carrier,II,1.0,1
41.0,0,-48.0,42.0,0.35174,-0.1556361,0,P,-48.0,38956.0,Non-Carrier,II,1.0,2
45.0,1,6.0,40.0,-0.24378000000000002,0.6831949,0,P,6.0,39133.0,Non-Carrier,II,1.0,1
42.0,0,50.0,26.0,0.1005215,-0.7043696,0,P,50.0,39142.0,Non-Carrier,II,1.0,1
53.0,1,-22.0,44.0,0.12225950000000001,-0.2154262,1,P,-22.0,39148.0,-141C II or ID Carrier,DD,3.0,6
48.0,1,2.0,14.0,0.03184065,0.1567782,0,P,2.0,39232.0,Non-Carrier,II,1.0,2
52.0,0,-16.0,62.0,0.0984365,0.9677482,1,P,-16.0,39277.0,-141C II or ID Carrier,ID,2.0,1
36.0,0,46.0,-2.0,0.073867,-0.9058752,0,P,46.0,39323.0,Non-Carrier,II,1.0,1
51.0,0,62.0,-2.0,-0.03651355,-1.039353,0,P,62.0,39375.0,Non-Carrier,II,1.0,1
49.0,0,58.0,36.0,0.552455,-1.7293169999999998,0,P,58.0,39399.0,Non-Carrier,II,1.0,1
40.0,0,8.0,24.0,0.26282,1.473267,1,P,8.0,39403.0,-141C II or ID Carrier,ID,2.0,2
31.0,1,38.0,68.0,0.16276500000000002,1.291261,0,P,38.0,39480.0,Non-Carrier,II,1.0,1
31.0,1,46.0,-4.0,0.127297,1.3980629999999998,0,P,46.0,39533.0,Non-Carrier,II,1.0,2
54.0,1,4.0,60.0,-0.0849255,0.23248829999999998,0,P,4.0,39594.0,Non-Carrier,II,1.0,1
52.0,1,-40.0,62.0,-0.0902755,-1.0410469999999998,0,P,-40.0,39751.0,Non-Carrier,II,1.0,3
37.0,1,2.0,-2.0,0.21291999999999997,-0.33536509999999997,0,P,2.0,39999.0,Non-Carrier,II,1.0,1
40.0,0,-2.0,24.0,-0.142715,0.3079412,1,P,-2.0,40054.0,-141C II or ID Carrier,ID,2.0,1
44.0,1,-10.0,46.0,0.13781500000000002,0.005904155,0,P,-10.0,40231.0,Non-Carrier,II,1.0,1
35.0,0,26.0,64.0,0.050604500000000004,-0.902538,1,P,26.0,40355.0,-141C II or ID Carrier,ID,2.0,1
49.0,1,-10.0,-2.0,0.05723359,-0.5729215999999999,0,P,-10.0,40387.0,Non-Carrier,II,1.0,1
45.0,0,10.0,30.0,0.37016,-1.251292,1,P,10.0,40409.0,-141C II or ID Carrier,ID,2.0,1
42.0,1,52.0,2.0,0.10532249999999999,-1.715834,0,P,52.0,40423.0,Non-Carrier,II,1.0,1
42.0,1,58.0,-34.0,0.11464,0.8821751,0,P,58.0,40496.0,Non-Carrier,II,1.0,1
49.0,1,-4.0,34.0,-0.013016,-1.745157,0,P,-4.0,40571.0,Non-Carrier,II,1.0,1
53.0,0,16.0,4.0,-0.19162,-2.045588,0,P,16.0,40661.0,Non-Carrier,II,1.0,1
53.0,1,44.0,48.0,0.105012,2.424292,1,P,44.0,40767.0,-141C II or ID Carrier,ID,2.0,5
43.0,1,34.0,58.0,0.192875,0.5077745,1,P,34.0,40822.0,-141C II or ID Carrier,ID,2.0,1
49.0,0,8.0,16.0,0.223345,1.386677,1,P,8.0,40897.0,-141C II or ID Carrier,ID,2.0,2
31.0,0,10.0,14.0,0.13068,-0.24761100000000003,1,P,10.0,40905.0,-141C II or ID Carrier,ID,2.0,1
49.0,1,0.0,48.0,0.15603,-0.7932562,0,P,0.0,40948.0,Non-Carrier,II,1.0,1
40.0,0,32.0,40.0,0.34668000000000004,-0.9705256999999999,0,P,32.0,41051.0,Non-Carrier,II,1.0,1
53.0,1,14.0,2.0,0.17419,1.223291,0,P,14.0,41102.0,Non-Carrier,II,1.0,1
43.0,0,8.0,62.0,7e-05,-1.084759,1,P,8.0,41170.0,-141C II or ID Carrier,ID,2.0,1
32.0,0,32.0,76.0,-0.009191,0.8493864,0,P,32.0,41246.0,Non-Carrier,II,1.0,1
32.0,0,72.0,38.0,0.13385999999999998,-1.157117,0,P,72.0,41361.0,Non-Carrier,II,1.0,1
33.0,1,44.0,58.0,0.0205135,,1,P,44.0,41568.0,-141C II or ID Carrier,DD,3.0,1
36.0,1,44.0,48.0,-0.037393,-0.4761443,0,P,44.0,41582.0,Non-Carrier,II,1.0,1
44.0,0,56.0,54.0,0.09081900000000001,0.7700293,0,P,56.0,41613.0,Non-Carrier,II,1.0,1
43.0,0,-4.0,44.0,0.21984,1.69502,0,P,-4.0,41673.0,Non-Carrier,II,1.0,1
51.0,1,42.0,48.0,0.23115,0.2822934,0,P,42.0,41762.0,Non-Carrier,II,1.0,1
46.0,1,48.0,-30.0,0.013922499999999999,0.7939622,0,P,48.0,41779.0,Non-Carrier,II,1.0,1
48.0,0,-8.0,30.0,0.275395,-0.6133761999999999,1,P,-8.0,41940.0,-141C II or ID Carrier,DD,3.0,8
44.0,1,42.0,50.0,0.122695,-0.07867526,0,P,42.0,41990.0,Non-Carrier,II,1.0,1
52.0,0,44.0,56.0,0.021665,-0.7363378,0,P,44.0,42069.0,Non-Carrier,II,1.0,1
45.0,0,32.0,34.0,-0.009616,0.7807474,0,P,32.0,42086.0,Non-Carrier,II,1.0,1
31.0,0,6.0,26.0,0.039377499999999996,-0.04935299,0,P,6.0,42239.0,Non-Carrier,II,1.0,1
45.0,1,-4.0,64.0,-0.0740985,-1.202126,0,P,-4.0,42267.0,Non-Carrier,II,1.0,1
40.0,0,-4.0,22.0,0.0694775,-0.9965911,1,P,-4.0,42313.0,-141C II or ID Carrier,ID,2.0,1
33.0,0,52.0,-14.0,0.20655500000000002,-0.8502616,0,P,52.0,42447.0,Non-Carrier,II,1.0,3
40.0,1,-2.0,34.0,0.14491500000000002,0.33012290000000005,0,P,-2.0,42470.0,Non-Carrier,II,1.0,1
43.0,0,12.0,40.0,0.265225,0.35761679999999996,0,P,12.0,42509.0,Non-Carrier,II,1.0,1
45.0,1,-10.0,46.0,0.22396,-0.1201672,0,P,-10.0,42519.0,Non-Carrier,II,1.0,1
44.0,1,2.0,40.0,0.0400565,-1.537031,0,P,2.0,42663.0,Non-Carrier,II,1.0,1
48.0,1,10.0,8.0,0.0385562,-1.20445,0,P,10.0,42694.0,Non-Carrier,II,1.0,1
45.0,1,52.0,40.0,0.061857,-0.08938644,0,P,52.0,42741.0,Non-Carrier,II,1.0,1
51.0,0,-6.0,8.0,0.25581,-0.159399,0,P,-6.0,42891.0,Non-Carrier,II,1.0,2
31.0,0,78.0,-32.0,0.21655500000000003,0.5423616,0,P,78.0,42919.0,Non-Carrier,II,1.0,1
41.0,1,2.0,40.0,0.352075,0.6184194000000001,0,P,2.0,42972.0,Non-Carrier,II,1.0,1
45.0,0,52.0,54.0,0.0241505,-0.42919009999999996,0,P,52.0,42991.0,Non-Carrier,II,1.0,1
35.0,0,32.0,-8.0,0.07409450000000001,-0.3303638,1,P,32.0,43039.0,-141C II or ID Carrier,ID,2.0,1
47.0,1,-16.0,42.0,0.16806,0.13994700000000002,0,P,-16.0,43184.0,Non-Carrier,II,1.0,1
32.0,0,-4.0,-8.0,0.0869695,2.549636,0,P,-4.0,43274.0,Non-Carrier,II,1.0,1
49.0,0,0.0,24.0,0.15742,2.224049,1,P,0.0,43339.0,-141C II or ID Carrier,ID,2.0,1
44.0,1,12.0,40.0,0.21650500000000003,0.5767308000000001,0,P,12.0,43379.0,Non-Carrier,II,1.0,2
30.0,0,40.0,58.0,0.368185,-1.115816,0,P,40.0,43400.0,Non-Carrier,II,1.0,1
54.0,1,-10.0,50.0,0.106091,-0.3623367,0,P,-10.0,43437.0,Non-Carrier,II,1.0,8
32.0,0,4.0,74.0,0.00936615,,0,P,4.0,43470.0,Non-Carrier,II,1.0,1
41.0,1,14.0,36.0,0.0068955,-1.0069549999999998,0,P,14.0,43767.0,Non-Carrier,II,1.0,1
53.0,1,-22.0,72.0,-0.162975,1.183457,0,P,-22.0,43855.0,Non-Carrier,II,1.0,2
53.0,1,-10.0,32.0,0.048309,1.654353,0,P,-10.0,43959.0,Non-Carrier,II,1.0,1
34.0,1,20.0,64.0,-0.006487100000000001,-0.9180514999999999,0,P,20.0,44113.0,Non-Carrier,II,1.0,1
30.0,1,-2.0,26.0,0.1421345,-1.367541,1,P,-2.0,44116.0,-141C II or ID Carrier,ID,2.0,2
44.0,0,12.0,36.0,0.0037020000000000004,0.43823409999999996,1,P,12.0,44179.0,-141C II or ID Carrier,ID,2.0,1
37.0,0,-12.0,-8.0,-0.038852,0.46024960000000004,0,P,-12.0,44266.0,Non-Carrier,II,1.0,1
38.0,1,-10.0,14.0,-0.15615,-0.9485744,1,P,-10.0,44377.0,-141C II or ID Carrier,ID,2.0,2
53.0,1,28.0,34.0,0.42513,2.117816,1,P,28.0,44448.0,-141C II or ID Carrier,DD,3.0,2
31.0,1,12.0,22.0,0.034553,0.009595277,0,P,12.0,44638.0,Non-Carrier,II,1.0,1
32.0,1,8.0,36.0,0.0492545,-0.5682924,0,P,8.0,44639.0,Non-Carrier,II,1.0,1
48.0,0,36.0,-22.0,0.253335,0.1842473,0,P,36.0,44665.0,Non-Carrier,II,1.0,1
30.0,0,8.0,50.0,0.090187,-0.9901853,0,P,8.0,44673.0,Non-Carrier,II,1.0,1
50.0,1,20.0,36.0,0.25217,0.6678006999999999,0,P,20.0,44755.0,Non-Carrier,II,1.0,1
49.0,0,66.0,-26.0,0.306655,-0.4225777,0,P,66.0,44963.0,Non-Carrier,II,1.0,1
34.0,1,48.0,62.0,0.0865045,-0.8810719000000001,0,P,48.0,45370.0,Non-Carrier,II,1.0,1
47.0,1,38.0,58.0,0.563715,-0.9176929,1,P,38.0,45475.0,-141C II or ID Carrier,DD,3.0,2
35.0,0,58.0,38.0,-0.02012105,0.9747184999999999,0,P,58.0,45540.0,Non-Carrier,II,1.0,1
47.0,1,-2.0,12.0,0.036170999999999995,1.9819419999999999,0,P,-2.0,45586.0,Non-Carrier,II,1.0,2
43.0,0,44.0,0.0,0.06774,0.4852706,0,P,44.0,45666.0,Non-Carrier,II,1.0,1
53.0,1,2.0,10.0,0.025747500000000003,-0.7871026,0,P,2.0,45820.0,Non-Carrier,II,1.0,1
37.0,0,20.0,26.0,-0.22495500000000002,-0.8647059000000001,1,P,20.0,45900.0,-141C II or ID Carrier,ID,2.0,2
35.0,0,26.0,0.0,-0.16701,0.4712964,1,P,26.0,45903.0,-141C II or ID Carrier,ID,2.0,1
31.0,0,-6.0,18.0,0.18559,1.246715,0,P,-6.0,46003.0,Non-Carrier,II,1.0,1
32.0,1,-20.0,18.0,0.09059450000000001,1.6469,0,P,-20.0,46042.0,Non-Carrier,II,1.0,2
49.0,1,38.0,-16.0,0.24401,0.6006179,0,P,38.0,46145.0,Non-Carrier,II,1.0,1
53.0,1,-58.0,42.0,0.14800000000000002,-0.09844630000000001,1,P,-58.0,46181.0,-141C II or ID Carrier,ID,2.0,2
53.0,1,-48.0,46.0,-0.04364,-0.2113321,1,P,-48.0,46198.0,-141C II or ID Carrier,ID,2.0,1
46.0,0,30.0,60.0,0.0200495,-0.8473596,0,P,30.0,46246.0,Non-Carrier,II,1.0,1
34.0,1,62.0,-12.0,0.15757000000000002,-2.041442,0,P,62.0,46281.0,Non-Carrier,II,1.0,1
42.0,1,-32.0,62.0,0.079563,-1.588855,1,P,-32.0,46297.0,-141C II or ID Carrier,ID,2.0,1
43.0,1,8.0,40.0,-0.083599,-0.07356222,0,P,8.0,46365.0,Non-Carrier,II,1.0,1
32.0,0,46.0,60.0,0.034065,-1.025786,0,P,46.0,46492.0,Non-Carrier,II,1.0,1
46.0,1,34.0,14.0,0.227385,0.3914141,0,P,34.0,46507.0,Non-Carrier,II,1.0,1
30.0,0,14.0,48.0,0.0963415,-0.13476670000000002,0,P,14.0,46531.0,Non-Carrier,II,1.0,1
42.0,0,24.0,16.0,-0.083497,-0.257234,1,P,24.0,46582.0,-141C II or ID Carrier,ID,2.0,2
51.0,0,34.0,-14.0,0.246085,0.10029310000000001,0,P,34.0,46609.0,Non-Carrier,II,1.0,1
49.0,1,46.0,48.0,0.035762800000000004,1.489107,0,P,46.0,46822.0,Non-Carrier,II,1.0,1
34.0,0,-6.0,12.0,0.262875,-1.134938,0,P,-6.0,46825.0,Non-Carrier,II,1.0,1
50.0,1,-30.0,6.0,-0.0212115,2.566521,0,P,-30.0,46992.0,Non-Carrier,II,1.0,2
37.0,0,42.0,0.0,0.03451,-0.3269111,1,P,42.0,47019.0,-141C II or ID Carrier,ID,2.0,1
43.0,0,-6.0,22.0,-0.031228500000000003,-1.14374,0,P,-6.0,47074.0,Non-Carrier,II,1.0,1
42.0,0,34.0,76.0,0.14941,-1.141726,0,P,34.0,47092.0,Non-Carrier,II,1.0,1
41.0,1,32.0,30.0,0.0513225,-0.372618,0,P,32.0,47103.0,Non-Carrier,II,1.0,1
34.0,0,48.0,58.0,0.0329925,-1.256061,0,P,48.0,47169.0,Non-Carrier,II,1.0,1
31.0,0,-6.0,12.0,0.0521965,-0.6982718000000001,0,P,-6.0,47341.0,Non-Carrier,II,1.0,3
32.0,0,58.0,-40.0,-0.0778938,-1.09475,0,P,58.0,47402.0,Non-Carrier,II,1.0,1
42.0,1,2.0,46.0,0.288405,-0.5423631,0,P,2.0,47473.0,Non-Carrier,II,1.0,1
51.0,1,12.0,32.0,-0.013017500000000001,1.3497059999999999,0,P,12.0,47521.0,Non-Carrier,II,1.0,1
44.0,0,4.0,0.0,0.1170805,-0.6884465,0,P,4.0,47658.0,Non-Carrier,II,1.0,1
54.0,0,20.0,52.0,0.21475,1.245598,0,P,20.0,47686.0,Non-Carrier,II,1.0,1
53.0,1,26.0,40.0,-0.030040499999999998,1.442392,0,P,26.0,47750.0,Non-Carrier,II,1.0,2
42.0,1,10.0,42.0,0.29752,0.8364018,0,P,10.0,47901.0,Non-Carrier,II,1.0,1
50.0,1,64.0,6.0,0.27166,-0.3254264,0,P,64.0,47956.0,Non-Carrier,II,1.0,2
51.0,1,58.0,44.0,0.33747,-0.1410361,0,P,58.0,47971.0,Non-Carrier,II,1.0,1
40.0,1,12.0,72.0,0.106905,1.534578,1,P,12.0,48143.0,-141C II or ID Carrier,ID,2.0,2
46.0,1,58.0,48.0,0.26714499999999997,0.1601411,1,P,58.0,48213.0,-141C II or ID Carrier,ID,2.0,1
49.0,1,30.0,26.0,-0.216925,-0.6625687,1,P,30.0,48217.0,-141C II or ID Carrier,ID,2.0,1
49.0,1,10.0,0.0,-0.18731,0.49433140000000003,1,P,10.0,48337.0,-141C II or ID Carrier,ID,2.0,2
50.0,1,52.0,48.0,0.19292,-0.08667896,1,P,52.0,48386.0,-141C II or ID Carrier,ID,2.0,1
41.0,1,36.0,62.0,0.238485,,0,P,36.0,48406.0,Non-Carrier,II,1.0,1
43.0,0,62.0,-40.0,0.31151,-0.7809961,0,P,62.0,48484.0,Non-Carrier,II,1.0,1
51.0,1,34.0,44.0,0.099531,-1.6749189999999998,0,P,34.0,48508.0,Non-Carrier,II,1.0,1
46.0,1,2.0,12.0,0.0789545,1.250881,1,P,2.0,48571.0,-141C II or ID Carrier,ID,2.0,2
51.0,0,16.0,30.0,0.24338,0.2914114,0,P,16.0,48781.0,Non-Carrier,II,1.0,1
47.0,0,30.0,-32.0,-0.54382,0.5147257000000001,0,P,30.0,48803.0,Non-Carrier,II,1.0,1
35.0,1,-40.0,60.0,-0.07778550000000001,0.2393361,1,P,-40.0,48900.0,-141C II or ID Carrier,ID,2.0,1
43.0,1,58.0,48.0,0.415105,-1.6807619999999999,0,P,58.0,48997.0,Non-Carrier,II,1.0,1
42.0,0,38.0,48.0,-0.0409775,-1.1440139999999999,1,P,38.0,49124.0,-141C II or ID Carrier,ID,2.0,1
53.0,1,12.0,20.0,-0.044925,-0.5387668999999999,0,P,12.0,49229.0,Non-Carrier,II,1.0,1
51.0,1,2.0,36.0,0.25895,0.1205338,1,P,2.0,49253.0,-141C II or ID Carrier,DD,3.0,2
54.0,1,-2.0,44.0,-0.0779115,-0.6741505,1,P,-2.0,49312.0,-141C II or ID Carrier,ID,2.0,1
36.0,0,-44.0,46.0,0.1495665,0.8328303,0,P,-44.0,49423.0,Non-Carrier,II,1.0,2
31.0,0,38.0,56.0,-0.13710999999999998,-0.29172929999999997,1,P,38.0,49438.0,-141C II or ID Carrier,ID,2.0,2
45.0,0,-22.0,34.0,0.131455,1.3994280000000001,0,P,-22.0,49456.0,Non-Carrier,II,1.0,1
53.0,0,-6.0,66.0,0.52622,-0.6221014,0,P,-6.0,49458.0,Non-Carrier,II,1.0,1
37.0,0,32.0,44.0,-0.13783499999999999,-0.5091651,0,P,32.0,49476.0,Non-Carrier,II,1.0,1
37.0,1,14.0,14.0,0.242115,1.2884959999999999,0,P,14.0,49496.0,Non-Carrier,II,1.0,1
48.0,1,40.0,62.0,0.04940745,-1.313692,1,P,40.0,49526.0,-141C II or ID Carrier,ID,2.0,1
34.0,1,18.0,42.0,-0.22812,-1.5387110000000002,0,P,18.0,49529.0,Non-Carrier,II,1.0,1
39.0,0,-44.0,46.0,0.11626800000000001,0.8240689,1,P,-44.0,49544.0,-141C II or ID Carrier,ID,2.0,2
54.0,1,64.0,16.0,0.23092,0.2715031,1,P,64.0,49576.0,-141C II or ID Carrier,ID,2.0,1
51.0,0,54.0,-38.0,0.214995,-0.4880481,1,P,54.0,49825.0,-141C II or ID Carrier,ID,2.0,2
46.0,0,-14.0,50.0,0.102506,-0.2429686,0,P,-14.0,49854.0,Non-Carrier,II,1.0,1
41.0,0,2.0,12.0,0.159,0.9582753,1,P,2.0,49940.0,-141C II or ID Carrier,ID,2.0,2
31.0,1,32.0,26.0,0.172955,-2.2644330000000004,0,P,32.0,49992.0,Non-Carrier,II,1.0,1
47.0,0,58.0,-24.0,-0.0035409999999999994,0.44662890000000005,0,P,58.0,50032.0,Non-Carrier,II,1.0,1
53.0,1,30.0,32.0,0.2493,1.906684,0,P,30.0,50158.0,Non-Carrier,II,1.0,1
45.0,0,64.0,38.0,-0.12328499999999999,0.1253999,1,P,64.0,50256.0,-141C II or ID Carrier,ID,2.0,1
41.0,0,-12.0,30.0,0.087007,-0.5678257,1,P,-12.0,50351.0,-141C II or ID Carrier,ID,2.0,1
35.0,1,8.0,12.0,-0.0355575,-0.01240948,0,P,8.0,50403.0,Non-Carrier,II,1.0,1
49.0,1,70.0,-10.0,-0.112125,2.1401060000000003,0,P,70.0,50567.0,Non-Carrier,II,1.0,2
50.0,0,62.0,38.0,-0.09051050000000001,-0.7577060999999999,1,P,62.0,50587.0,-141C II or ID Carrier,ID,2.0,1
37.0,1,12.0,24.0,0.35586999999999996,-0.5496423,0,P,12.0,50876.0,Non-Carrier,II,1.0,7
47.0,0,-2.0,16.0,-0.20820500000000003,-0.20623409999999998,0,P,-2.0,50900.0,Non-Carrier,II,1.0,1
49.0,0,96.0,-20.0,0.28662,-0.35439740000000003,0,P,96.0,50907.0,Non-Carrier,II,1.0,1
32.0,0,0.0,4.0,0.352505,-0.3374159,0,P,0.0,50946.0,Non-Carrier,II,1.0,1
46.0,1,-4.0,62.0,0.545875,-0.03951101,0,P,-4.0,50989.0,Non-Carrier,II,1.0,1
41.0,1,40.0,56.0,-0.056396,-1.700121,0,P,40.0,50990.0,Non-Carrier,II,1.0,1
31.0,1,-6.0,8.0,0.3159,0.8943443000000001,1,P,-6.0,51067.0,-141C II or ID Carrier,ID,2.0,1
49.0,1,56.0,44.0,-0.0010285000000000001,-1.081145,0,P,56.0,51091.0,Non-Carrier,II,1.0,1
49.0,1,-4.0,18.0,0.38383,-1.390706,0,P,-4.0,51126.0,Non-Carrier,II,1.0,1
34.0,1,56.0,46.0,0.060314,-0.2832874,0,P,56.0,51180.0,Non-Carrier,II,1.0,1
44.0,0,58.0,44.0,0.064688,-0.9650457,0,P,58.0,51227.0,Non-Carrier,II,1.0,1
51.0,0,66.0,-36.0,0.11163350000000001,0.04309193,0,P,66.0,51250.0,Non-Carrier,II,1.0,1
42.0,0,20.0,36.0,0.073901,1.025021,0,P,20.0,51361.0,Non-Carrier,II,1.0,1
44.0,0,30.0,20.0,-0.030526499999999998,0.115175,0,P,30.0,51377.0,Non-Carrier,II,1.0,1
31.0,0,22.0,18.0,0.032817,0.2424157,1,P,22.0,51707.0,-141C II or ID Carrier,ID,2.0,1
35.0,0,12.0,24.0,0.046302499999999996,-1.133895,1,P,12.0,51726.0,-141C II or ID Carrier,ID,2.0,1
44.0,1,-4.0,74.0,-0.034695,0.45244449999999997,1,P,-4.0,51754.0,-141C II or ID Carrier,ID,2.0,2
50.0,1,0.0,4.0,-0.089824,1.1323940000000001,1,P,0.0,51862.0,-141C II or ID Carrier,ID,2.0,2
54.0,1,-42.0,30.0,0.14540999999999998,0.1732872,1,P,-42.0,51948.0,-141C II or ID Carrier,DD,3.0,2
30.0,1,34.0,46.0,0.45441499999999996,-1.592983,0,P,34.0,52117.0,Non-Carrier,II,1.0,1
49.0,0,42.0,40.0,0.32499,-0.12350560000000001,0,P,42.0,52145.0,Non-Carrier,II,1.0,1
47.0,0,-16.0,30.0,-0.000618,-0.7550829000000001,0,P,-16.0,52173.0,Non-Carrier,II,1.0,1
48.0,1,-38.0,52.0,0.099384,-0.2972876,1,P,-38.0,52212.0,-141C II or ID Carrier,ID,2.0,2
33.0,1,-18.0,16.0,0.0336645,-0.11918110000000001,1,P,-18.0,52307.0,-141C II or ID Carrier,ID,2.0,1
31.0,1,-18.0,86.0,-0.0237095,0.1738079,0,P,-18.0,52327.0,Non-Carrier,II,1.0,1
45.0,0,0.0,42.0,-0.31593499999999997,-0.1673831,1,P,0.0,52438.0,-141C II or ID Carrier,ID,2.0,1
47.0,1,72.0,-30.0,0.295605,-1.722898,0,P,72.0,52491.0,Non-Carrier,II,1.0,1
44.0,0,-4.0,54.0,-0.067034,0.4739782,1,P,-4.0,52581.0,-141C II or ID Carrier,ID,2.0,1
34.0,1,-6.0,68.0,0.18062,-1.132307,0,P,-6.0,52614.0,Non-Carrier,II,1.0,1
40.0,1,-14.0,24.0,0.05016685,1.0420719999999999,0,P,-14.0,52623.0,Non-Carrier,II,1.0,1
48.0,0,38.0,-2.0,0.189415,-0.43906720000000005,0,P,38.0,52655.0,Non-Carrier,II,1.0,1
38.0,0,86.0,-26.0,0.0727665,-0.1888504,0,P,86.0,52789.0,Non-Carrier,II,1.0,1
44.0,0,12.0,8.0,0.097977,0.8164081999999999,0,P,12.0,52803.0,Non-Carrier,II,1.0,1
44.0,0,38.0,20.0,0.0360815,-0.17612750000000002,0,P,38.0,52836.0,Non-Carrier,II,1.0,1
46.0,1,-8.0,40.0,0.160985,-1.4199540000000002,0,P,-8.0,52876.0,Non-Carrier,II,1.0,1
45.0,1,24.0,46.0,0.48138000000000003,-1.38447,0,P,24.0,52890.0,Non-Carrier,II,1.0,1
34.0,0,26.0,12.0,0.1922,-0.3960224,0,P,26.0,52897.0,Non-Carrier,II,1.0,3
47.0,1,-8.0,30.0,0.0923,0.916428,0,P,-8.0,52997.0,Non-Carrier,II,1.0,1
44.0,1,10.0,12.0,0.0113823,1.458899,0,P,10.0,53006.0,Non-Carrier,II,1.0,1
33.0,0,38.0,72.0,0.118325,-0.9505271000000001,1,P,38.0,53065.0,-141C II or ID Carrier,ID,2.0,1
50.0,1,-22.0,70.0,0.0739605,-1.1634799999999998,0,P,-22.0,53118.0,Non-Carrier,II,1.0,1
33.0,0,18.0,18.0,0.14463499999999999,1.019539,1,P,18.0,53120.0,-141C II or ID Carrier,DD,3.0,1
37.0,1,30.0,44.0,0.302085,-1.148276,1,P,30.0,53217.0,-141C II or ID Carrier,DD,3.0,1
50.0,0,26.0,46.0,0.445925,0.1847466,1,P,26.0,53285.0,-141C II or ID Carrier,DD,3.0,2
35.0,0,30.0,42.0,0.160525,-0.3951388,0,P,30.0,53320.0,Non-Carrier,II,1.0,1
47.0,0,68.0,38.0,0.06883500000000001,1.086742,0,P,68.0,53583.0,Non-Carrier,II,1.0,1
52.0,1,44.0,38.0,0.35305,-1.420123,0,P,44.0,53782.0,Non-Carrier,II,1.0,1
32.0,0,46.0,56.0,-0.09270700000000001,-1.4593479999999999,0,P,46.0,53797.0,Non-Carrier,II,1.0,1
31.0,1,16.0,18.0,-0.041460500000000004,-1.243225,0,P,16.0,53804.0,Non-Carrier,II,1.0,1
39.0,1,18.0,50.0,0.1658855,-0.3705128,0,P,18.0,54004.0,Non-Carrier,II,1.0,1
44.0,0,-30.0,14.0,0.130659,0.8239648999999999,0,P,-30.0,54033.0,Non-Carrier,II,1.0,1
50.0,0,0.0,0.0,0.17475,0.1245491,0,P,0.0,54119.0,Non-Carrier,II,1.0,1
49.0,1,-16.0,50.0,0.163625,-0.4741,0,P,-16.0,54144.0,Non-Carrier,II,1.0,1
31.0,0,50.0,52.0,0.0107315,-1.154744,0,P,50.0,54154.0,Non-Carrier,II,1.0,1
43.0,1,44.0,56.0,0.44261000000000006,-1.0938729999999999,0,P,44.0,54171.0,Non-Carrier,II,1.0,1
32.0,0,60.0,-24.0,0.32961,0.08431147,1,P,60.0,54233.0,-141C II or ID Carrier,ID,2.0,1
50.0,1,4.0,22.0,-0.36046500000000004,1.4042459999999999,1,P,4.0,54286.0,-141C II or ID Carrier,DD,3.0,2
51.0,1,14.0,-24.0,-0.05386950000000001,-0.01050008,0,P,14.0,54313.0,Non-Carrier,II,1.0,1
38.0,1,-2.0,42.0,0.38752,-1.614635,0,P,-2.0,54489.0,Non-Carrier,II,1.0,7
42.0,1,6.0,30.0,-0.18705,0.4153523,0,P,6.0,54503.0,Non-Carrier,II,1.0,1
36.0,1,72.0,38.0,0.10043049999999999,0.49923019999999996,0,P,72.0,54576.0,Non-Carrier,II,1.0,1
53.0,1,-2.0,36.0,-0.0031116,-0.43391179999999996,0,P,-2.0,54581.0,Non-Carrier,II,1.0,1
49.0,0,-2.0,32.0,0.13521,-0.5726495,0,P,-2.0,54621.0,Non-Carrier,II,1.0,1
36.0,0,48.0,-46.0,-0.080458,-1.349016,0,P,48.0,54628.0,Non-Carrier,II,1.0,1
46.0,0,58.0,48.0,0.0191115,0.27363190000000004,0,P,58.0,54642.0,Non-Carrier,II,1.0,1
53.0,0,50.0,40.0,0.8511,0.3318172,0,P,50.0,54726.0,Non-Carrier,II,1.0,1
52.0,1,-34.0,76.0,-0.0602775,0.39754409999999996,0,P,-34.0,54742.0,Non-Carrier,II,1.0,1
33.0,1,54.0,48.0,0.08064450000000001,0.09761334,1,P,54.0,54776.0,-141C II or ID Carrier,ID,2.0,1
51.0,1,36.0,32.0,0.418375,-0.8660614999999999,0,P,36.0,54779.0,Non-Carrier,II,1.0,1
49.0,1,-8.0,46.0,-0.31140500000000004,0.1584279,0,P,-8.0,54818.0,Non-Carrier,II,1.0,1
39.0,0,60.0,30.0,-0.0950015,-0.6818251999999999,0,P,60.0,54855.0,Non-Carrier,II,1.0,1
32.0,0,52.0,44.0,0.058186,-0.8042602,0,P,52.0,54897.0,Non-Carrier,II,1.0,1
37.0,1,16.0,18.0,0.014431,,1,P,16.0,54922.0,-141C II or ID Carrier,ID,2.0,1
44.0,0,32.0,54.0,0.042244,1.102722,0,P,32.0,54930.0,Non-Carrier,II,1.0,1
50.0,1,24.0,28.0,0.20407,0.5392588,0,P,24.0,54942.0,Non-Carrier,II,1.0,1
44.0,0,44.0,38.0,0.30699499999999996,-0.3314276,1,P,44.0,55058.0,-141C II or ID Carrier,ID,2.0,2
41.0,1,4.0,28.0,0.049844400000000004,1.020782,0,P,4.0,55062.0,Non-Carrier,II,1.0,1
46.0,0,48.0,48.0,0.26439,-0.2931236,0,P,48.0,55188.0,Non-Carrier,II,1.0,1
47.0,0,20.0,36.0,0.179545,0.055430999999999994,0,P,20.0,55217.0,Non-Carrier,II,1.0,1
40.0,0,-8.0,-6.0,0.20281,1.3893440000000001,0,P,-8.0,55435.0,Non-Carrier,II,1.0,1
45.0,0,-18.0,58.0,0.149705,1.977854,0,P,-18.0,55459.0,Non-Carrier,II,1.0,1
39.0,1,18.0,52.0,0.0465385,-0.9094315999999999,0,P,18.0,55653.0,Non-Carrier,II,1.0,1
31.0,0,0.0,36.0,-0.053219600000000006,-1.029064,0,P,0.0,55674.0,Non-Carrier,II,1.0,1
53.0,0,40.0,40.0,0.05890650000000001,-0.34985320000000003,0,P,40.0,55978.0,Non-Carrier,II,1.0,1
34.0,0,12.0,44.0,0.390505,-0.3078256,0,P,12.0,56153.0,Non-Carrier,II,1.0,1
53.0,0,28.0,8.0,0.211585,-0.8384128000000001,1,P,28.0,56160.0,-141C II or ID Carrier,DD,3.0,2
47.0,0,18.0,44.0,0.027422500000000002,0.7282714,1,P,18.0,56216.0,-141C II or ID Carrier,DD,3.0,2
54.0,0,0.0,42.0,0.0550995,-0.1575509,0,P,0.0,56218.0,Non-Carrier,II,1.0,1
41.0,1,6.0,-10.0,0.1328755,-0.6184966,1,P,6.0,56250.0,-141C II or ID Carrier,ID,2.0,2
34.0,0,54.0,52.0,-0.06404,-1.628087,0,P,54.0,56515.0,Non-Carrier,II,1.0,1
48.0,0,12.0,42.0,0.35435500000000003,-0.2201678,0,P,12.0,56747.0,Non-Carrier,II,1.0,1
51.0,0,12.0,52.0,0.199105,1.8668790000000002,0,P,12.0,56760.0,Non-Carrier,II,1.0,1
52.0,0,-4.0,-2.0,-0.200375,-0.02131065,0,P,-4.0,56800.0,Non-Carrier,II,1.0,1
41.0,1,62.0,-6.0,0.1441,-1.195258,0,P,62.0,56878.0,Non-Carrier,II,1.0,1
39.0,0,36.0,4.0,0.0007465,-0.9519095999999999,0,P,36.0,56955.0,Non-Carrier,II,1.0,1
43.0,0,2.0,36.0,0.12343699999999999,0.5615824,0,P,2.0,57037.0,Non-Carrier,II,1.0,1
50.0,1,26.0,60.0,0.062091499999999994,1.070333,1,P,26.0,57147.0,-141C II or ID Carrier,ID,2.0,1
46.0,1,-6.0,22.0,0.176555,0.7791119000000001,1,P,-6.0,57161.0,-141C II or ID Carrier,ID,2.0,1
35.0,1,50.0,50.0,0.204595,0.7077143,0,P,50.0,57221.0,Non-Carrier,II,1.0,1
47.0,1,4.0,32.0,0.00800475,0.2355112,0,P,4.0,57266.0,Non-Carrier,II,1.0,7
47.0,1,34.0,68.0,0.23556999999999997,-0.6964458,0,P,34.0,57355.0,Non-Carrier,II,1.0,1
49.0,1,14.0,58.0,0.16229000000000002,-0.455959,0,P,14.0,57359.0,Non-Carrier,II,1.0,1
41.0,0,-4.0,28.0,-0.049085500000000004,1.2456209999999999,1,P,-4.0,57367.0,-141C II or ID Carrier,ID,2.0,7
41.0,0,24.0,16.0,0.125198,0.08362253,0,P,24.0,57415.0,Non-Carrier,II,1.0,1
41.0,1,-16.0,34.0,0.169075,1.405983,0,P,-16.0,57434.0,Non-Carrier,II,1.0,2
48.0,1,-48.0,34.0,0.225985,1.343726,1,P,-48.0,57447.0,-141C II or ID Carrier,DD,3.0,2
34.0,0,36.0,-32.0,0.0451585,0.8587893,0,P,36.0,57506.0,Non-Carrier,II,1.0,1
43.0,0,38.0,58.0,0.23968499999999998,-0.2657831,0,P,38.0,57536.0,Non-Carrier,II,1.0,1
39.0,0,-8.0,52.0,-0.100632,0.3206232,1,P,-8.0,57605.0,-141C II or ID Carrier,ID,2.0,5
39.0,1,-26.0,68.0,0.23689000000000002,-0.9148785,0,P,-26.0,57677.0,Non-Carrier,II,1.0,1
50.0,1,-8.0,72.0,0.358775,1.504538,0,P,-8.0,57909.0,Non-Carrier,II,1.0,1
43.0,1,50.0,40.0,0.07130449999999999,0.07862778,0,P,50.0,57994.0,Non-Carrier,II,1.0,1
47.0,1,-16.0,66.0,0.0182545,0.44879440000000004,0,P,-16.0,58030.0,Non-Carrier,II,1.0,1
52.0,0,38.0,32.0,0.068288,0.9166133,0,P,38.0,58056.0,Non-Carrier,II,1.0,1
39.0,0,40.0,60.0,0.23131999999999997,-0.5120455,0,P,40.0,58100.0,Non-Carrier,II,1.0,1
52.0,0,52.0,48.0,0.11442000000000001,1.5717430000000001,0,P,52.0,58112.0,Non-Carrier,II,1.0,1
50.0,1,12.0,72.0,-0.09727949999999999,0.7548226,0,P,12.0,58167.0,Non-Carrier,II,1.0,1
54.0,1,-50.0,46.0,0.1209515,1.761091,0,P,-50.0,58287.0,Non-Carrier,II,1.0,1
54.0,1,-20.0,56.0,0.1147695,-1.070535,1,P,-20.0,58322.0,-141C II or ID Carrier,ID,2.0,1
42.0,1,26.0,-10.0,0.096598,0.09833795,1,P,26.0,58334.0,-141C II or ID Carrier,ID,2.0,7
52.0,0,46.0,50.0,0.072413,-0.7188674,0,P,46.0,58513.0,Non-Carrier,II,1.0,1
39.0,1,10.0,48.0,0.0573955,0.276431,1,P,10.0,58533.0,-141C II or ID Carrier,ID,2.0,1
52.0,0,16.0,40.0,0.178215,0.7338139,0,P,16.0,58568.0,Non-Carrier,II,1.0,1
40.0,1,-50.0,40.0,-0.093814,-0.6925376999999999,1,P,-50.0,58693.0,-141C II or ID Carrier,DD,3.0,1
54.0,0,-12.0,46.0,-0.0045045,1.197558,0,P,-12.0,58734.0,Non-Carrier,II,1.0,1
36.0,0,-2.0,-12.0,0.07907589,-0.01808436,1,P,-2.0,58908.0,-141C II or ID Carrier,ID,2.0,2
46.0,0,-60.0,44.0,0.1244705,0.5117288,0,P,-60.0,58920.0,Non-Carrier,II,1.0,7
53.0,1,0.0,34.0,0.205025,-0.5012188,1,P,0.0,59097.0,-141C II or ID Carrier,ID,2.0,1
53.0,1,10.0,44.0,0.0296485,-0.9689719000000001,0,P,10.0,59155.0,Non-Carrier,II,1.0,1
32.0,0,6.0,-10.0,0.174085,-0.5511911,0,P,6.0,59301.0,Non-Carrier,II,1.0,1
54.0,1,-16.0,42.0,-0.0729625,0.35742690000000005,0,P,-16.0,59367.0,Non-Carrier,II,1.0,1
43.0,0,-18.0,22.0,0.11919600000000001,0.2000481,0,P,-18.0,59475.0,Non-Carrier,II,1.0,1
32.0,0,62.0,48.0,-0.015718,-1.5659399999999999,0,P,62.0,59509.0,Non-Carrier,II,1.0,1
40.0,1,-40.0,60.0,-0.08996900000000001,-0.8292983,0,P,-40.0,59673.0,Non-Carrier,II,1.0,1
47.0,1,-32.0,56.0,0.052435,-1.2037309999999999,1,P,-32.0,59695.0,-141C II or ID Carrier,ID,2.0,1
31.0,0,38.0,36.0,0.29774,0.15422560000000002,0,P,38.0,59699.0,Non-Carrier,II,1.0,1
41.0,1,-4.0,20.0,0.054609000000000005,1.533072,0,P,-4.0,59722.0,Non-Carrier,II,1.0,1
37.0,0,-16.0,44.0,0.07316349999999999,-0.9209116,0,P,-16.0,59946.0,Non-Carrier,II,1.0,1
45.0,1,-54.0,42.0,0.087667,-0.5305524,0,P,-54.0,59948.0,Non-Carrier,II,1.0,1
