LABID,DRD2_ORG,DRD2_CODED,GEN_RACE
30337,II,1,1
30390,II,1,1
30407,II,1,1
30435,ID,2,2
30437,II,1,1
30465,II,1,1
30487,II,1,1
30634,II,1,1
30694,,,1
30711,II,1,1
30782,II,1,1
30961,ID,2,1
30966,II,1,1
31002,ID,2,1
31014,II,1,1
31022,II,1,1
31209,II,1,1
31298,II,1,1
31326,II,1,1
31390,ID,2,2
31592,DD,3,2
31640,II,1,1
31663,II,1,2
31668,ID,2,2
31684,II,1,1
31736,II,1,1
31754,II,1,2
31881,ID,2,1
32047,II,1,1
32073,II,1,1
32080,II,1,1
32092,DD,3,2
32101,II,1,1
32186,ID,2,2
32234,II,1,1
32259,II,1,2
32271,II,1,1
32282,DD,3,2
32366,II,1,1
32381,II,1,1
32473,II,1,1
32543,II,1,1
32628,II,1,1
32704,II,1,1
32719,II,1,1
32780,II,1,1
32781,II,1,1
32794,ID,2,1
32802,II,1,1
32905,II,1,1
32950,ID,2,2
32996,II,1,1
33004,ID,2,2
33014,II,1,1
33016,II,1,1
33031,II,1,1
33047,II,1,1
33054,II,1,1
33071,II,1,1
33202,DD,3,2
33218,II,1,1
33317,II,1,1
33344,II,1,1
33405,ID,2,2
33442,II,1,1
33477,II,1,1
33530,ID,2,6
33553,ID,2,1
33597,II,1,1
33614,II,1,1
33664,II,1,1
33674,II,1,1
33705,II,1,1
33760,ID,2,1
33780,II,1,1
33881,II,1,1
33930,II,1,1
34024,II,1,1
34394,ID,2,1
34494,II,1,1
34506,II,1,1
34524,II,1,1
34570,II,1,1
34754,ID,2,1
34874,ID,2,1
34987,ID,2,1
35026,II,1,1
35045,II,1,1
35072,II,1,1
35106,II,1,1
35115,II,1,1
35357,II,1,1
35419,II,1,1
35463,II,1,1
35577,II,1,1
35661,II,1,1
35726,II,1,2
35822,II,1,1
35829,II,1,1
35851,ID,2,2
35864,II,1,1
36026,ID,2,1
36192,II,1,1
36228,ID,2,1
36240,ID,2,1
36241,II,1,1
36354,II,1,1
36425,II,1,1
36514,ID,2,1
36524,ID,2,1
36549,ID,2,1
36729,ID,2,1
36746,II,1,1
36761,II,1,1
36767,II,1,1
36787,ID,2,2
36789,ID,2,1
36893,II,1,1
36900,II,1,1
36924,ID,2,2
36998,II,1,1
37027,II,1,1
37068,II,1,1
37130,II,1,1
37247,II,1,1
37256,II,1,1
37406,II,1,1
37491,II,1,3
37519,II,1,1
37721,II,1,1
37795,ID,2,1
37800,ID,2,1
37972,II,1,1
38005,DD,3,2
38010,II,1,1
38049,II,1,1
38058,DD,3,2
38062,II,1,1
38081,DD,3,2
38192,II,1,1
38222,II,1,1
38401,II,1,1
38424,II,1,1
38485,II,1,1
38540,II,1,1
38677,II,1,2
38687,II,1,1
38694,ID,2,1
38718,II,1,1
38720,II,1,1
38791,II,1,1
38802,II,1,1
38888,II,1,1
38939,II,1,1
38956,II,1,2
39133,II,1,1
39142,II,1,1
39148,DD,3,6
39223,II,1,1
39232,II,1,2
39277,ID,2,1
39323,II,1,1
39375,II,1,1
39399,II,1,1
39403,ID,2,2
39433,ID,2,1
39480,II,1,1
39533,II,1,2
39594,II,1,1
39751,II,1,3
39926,II,1,1
39999,II,1,1
40054,ID,2,1
40231,II,1,1
40355,ID,2,1
40387,II,1,1
40409,ID,2,1
40423,II,1,1
40496,II,1,1
40571,II,1,1
40661,II,1,1
40767,ID,2,5
40822,ID,2,1
40897,ID,2,2
40905,ID,2,1
40948,II,1,1
41051,II,1,1
41102,II,1,1
41170,ID,2,1
41246,II,1,1
41349,ID,2,1
41361,II,1,1
41504,II,1,2
41568,DD,3,1
41582,II,1,1
41613,II,1,1
41673,II,1,1
41762,II,1,1
41779,II,1,1
41940,DD,3,8
41990,II,1,1
42069,II,1,1
42086,II,1,1
42239,II,1,1
42267,II,1,1
42313,ID,2,1
42447,II,1,3
42470,II,1,1
42509,II,1,1
42519,II,1,1
42663,II,1,1
42694,II,1,1
42741,II,1,1
42891,II,1,2
42917,II,1,1
42919,II,1,1
42972,II,1,1
42991,II,1,1
43039,ID,2,1
43161,II,1,1
43184,II,1,1
43274,II,1,1
43339,ID,2,1
43379,II,1,2
43400,II,1,1
43437,II,1,8
43470,II,1,1
43767,II,1,1
43855,II,1,2
43959,II,1,1
44081,II,1,1
44113,II,1,1
44116,ID,2,2
44179,ID,2,1
44266,II,1,1
44275,II,1,1
44377,ID,2,2
44448,DD,3,2
44542,II,1,2
44638,II,1,1
44639,II,1,1
44658,II,1,1
44665,II,1,1
44673,II,1,1
44755,II,1,1
44963,II,1,1
45370,II,1,1
45460,II,1,1
45475,DD,3,2
45540,II,1,1
45586,II,1,2
45634,II,1,1
45666,II,1,1
45820,II,1,1
45900,ID,2,2
45903,ID,2,1
46003,II,1,1
46042,II,1,2
46145,II,1,1
46181,ID,2,2
46198,ID,2,1
46246,II,1,1
46281,II,1,1
46297,ID,2,1
46337,ID,2,2
46365,II,1,1
46492,II,1,1
46507,II,1,1
46531,II,1,1
46582,ID,2,2
46609,II,1,1
46822,II,1,1
46825,II,1,1
46992,II,1,2
47019,ID,2,1
47074,II,1,1
47092,II,1,1
47103,II,1,1
47169,II,1,1
47242,ID,2,2
47341,II,1,3
47363,ID,2,1
47402,II,1,1
47473,II,1,1
47521,II,1,1
47600,II,1,1
47658,II,1,1
47686,II,1,1
47750,II,1,2
47862,DD,3,2
47897,II,1,2
47901,II,1,1
47956,II,1,2
47971,II,1,1
48024,II,1,1
48143,ID,2,2
48186,II,1,1
48213,ID,2,1
48217,ID,2,1
48337,ID,2,2
48386,ID,2,1
48406,II,1,1
48484,II,1,1
48508,II,1,1
48571,ID,2,2
48781,II,1,1
48803,II,1,1
48900,ID,2,1
48997,II,1,1
49124,ID,2,1
49131,II,1,3
49229,II,1,1
49253,DD,3,2
49312,ID,2,1
49342,ID,2,3
49378,II,1,2
49423,II,1,2
49438,ID,2,2
49456,II,1,1
49458,II,1,1
49476,II,1,1
49496,II,1,1
49526,ID,2,1
49529,II,1,1
49544,ID,2,2
49576,ID,2,1
49825,ID,2,2
49854,II,1,1
49928,II,1,1
49940,ID,2,2
49992,II,1,1
50032,II,1,1
50127,II,1,1
50158,II,1,1
50256,ID,2,1
50351,ID,2,1
50403,II,1,1
50567,II,1,2
50587,ID,2,1
50876,II,1,7
50900,II,1,1
50907,II,1,1
50946,II,1,1
50989,II,1,1
50990,II,1,1
51025,ID,2,1
51067,ID,2,1
51091,II,1,1
51126,II,1,1
51180,II,1,1
51227,II,1,1
51250,II,1,1
51340,II,1,1
51361,II,1,1
51377,II,1,1
51707,ID,2,1
51726,ID,2,1
51754,ID,2,2
51862,ID,2,2
51948,DD,3,2
52117,II,1,1
52145,II,1,1
52173,II,1,1
52212,ID,2,2
52282,II,1,1
52307,ID,2,1
52327,II,1,1
52388,ID,2,2
52438,ID,2,1
52491,II,1,1
52581,ID,2,1
52614,II,1,1
52623,II,1,1
52655,II,1,1
52789,II,1,1
52803,II,1,1
52836,II,1,1
52876,II,1,1
52890,II,1,1
52897,II,1,3
52997,II,1,1
53006,II,1,1
53065,ID,2,1
53118,II,1,1
53120,DD,3,1
53217,DD,3,1
53285,DD,3,2
53320,II,1,1
53572,ID,2,2
53583,II,1,1
53782,II,1,1
53797,II,1,1
53804,II,1,1
54004,II,1,1
54033,II,1,1
54119,II,1,1
54144,II,1,1
54154,II,1,1
54171,II,1,1
54233,ID,2,1
54286,DD,3,2
54313,II,1,1
54489,II,1,7
54503,II,1,1
54576,II,1,1
54581,II,1,1
54621,II,1,1
54628,II,1,1
54642,II,1,1
54671,II,1,1
54726,II,1,1
54742,II,1,1
54776,ID,2,1
54779,II,1,1
54818,II,1,1
54855,II,1,1
54895,II,1,1
54897,II,1,1
54922,ID,2,1
54930,II,1,1
54942,II,1,1
55058,ID,2,2
55062,II,1,1
55188,II,1,1
55217,II,1,1
55435,II,1,1
55459,II,1,1
55653,II,1,1
55674,II,1,1
55874,II,1,1
55978,II,1,1
56153,II,1,1
56160,DD,3,2
56216,DD,3,2
56218,II,1,1
56250,ID,2,2
56349,II,1,1
56515,II,1,1
56747,II,1,1
56760,II,1,1
56800,II,1,1
56878,II,1,1
56955,II,1,1
57037,II,1,1
57063,II,1,1
57147,ID,2,1
57161,ID,2,1
57221,II,1,1
57255,ID,2,2
57266,II,1,7
57355,II,1,1
57359,II,1,1
57367,ID,2,7
57415,II,1,1
57434,II,1,2
57447,DD,3,2
57506,II,1,1
57536,II,1,1
57567,II,1,2
57605,ID,2,5
57677,II,1,1
57909,II,1,1
57994,II,1,1
58030,II,1,1
58056,II,1,1
58100,II,1,1
58112,II,1,1
58167,II,1,1
58287,II,1,1
58322,ID,2,1
58334,ID,2,7
58513,II,1,1
58533,ID,2,1
58568,II,1,1
58693,DD,3,1
58734,II,1,1
58908,ID,2,2
58920,II,1,7
59097,ID,2,1
59155,II,1,1
59301,II,1,1
59367,II,1,1
59475,II,1,1
59509,II,1,1
59673,II,1,1
59695,ID,2,1
59699,II,1,1
59722,II,1,1
59946,II,1,1
59948,II,1,1